"file","owner","hardcodedColor","rawControls","inlineStyles","missingAlt","libraries"
"src/components/Providers.tsx","shared / infrastructure UI","0","0","0","0",""
"src/components/admin/abonnements/abonnes-table.tsx","subscriptions / quotas","0","0","0","0","@/components/motion/center-morph-modal ; @/components/motion/stateful-button ; @/components/motion/table ; @/components/ui/button ; @/components/ui/textarea"
"src/components/admin/abonnements/catalogue-editor.tsx","subscriptions / quotas","1","0","1","0","@/components/motion/stateful-button ; @/components/motion/tabs ; @/components/ui/alert-dialog ; @/components/ui/badge ; @/components/ui/button ; @/components/ui/card"
"src/components/admin/abonnements/catalogue-history.tsx","subscriptions / quotas","0","0","0","0","@/components/motion/stateful-button ; @/components/ui/badge ; @/components/ui/card ; @/components/ui/table"
"src/components/admin/abonnements/catalogue-plan-editor.tsx","subscriptions / quotas","0","0","0","0","@/components/ui/badge ; @/components/ui/button ; @/components/ui/card ; @/components/ui/field ; @/components/ui/input ; @/components/ui/switch ; @/components/ui/textarea"
"src/components/admin/abonnements/catalogue-policy-editor.tsx","subscriptions / quotas","0","0","0","0","@/components/motion/range-slider ; @/components/ui/card ; @/components/ui/field ; @/components/ui/input ; @/components/ui/switch"
"src/components/admin/abonnements/discovery-performance.tsx","subscriptions / quotas","0","0","0","0","@/components/ui/badge ; @/components/ui/card ; @/components/ui/table"
"src/components/admin/abonnements/subscription-history-table.tsx","subscriptions / quotas","0","0","0","0","@/components/motion/table"
"src/components/admin/admin-accounts-manager.tsx","admin-accounts","5","0","0","0","@/components/motion/input ; @/components/motion/table ; @/components/ui/button ; @/components/ui/dialog ; @/components/ui/textarea"
"src/components/admin/admin-navbar.tsx","shared/ui admin","4","0","0","0","@/components/ui/button"
"src/components/admin/admin-sidebar.tsx","shared/ui admin","19","0","0","0","@/components/motion/drawer ; @/components/ui/app-logo ; @/components/ui/button"
"src/components/admin/admin-subscription-requests-table.tsx","subscriptions / quotas","0","0","0","0","@/components/motion/center-morph-modal ; @/components/motion/input ; @/components/motion/select ; @/components/motion/stateful-button ; @/components/motion/table ; @/components/ui/button ; @/components/ui/textarea"
"src/components/admin/audit-admin-filters.tsx","audit","1","0","0","0","@/components/motion/input ; @/components/motion/tabs ; @/components/ui/button"
"src/components/admin/audit-admin-table.tsx","audit","1","0","0","0","@/components/motion/table"
"src/components/admin/commande-items-admin-table.tsx","orders","3","0","0","0","@/components/motion/table"
"src/components/admin/commandes-admin-filters.tsx","orders","4","0","0","0","@/components/motion/input ; @/components/ui/button ; @/components/ui/date-picker"
"src/components/admin/commandes-admin-table.tsx","orders","8","0","0","0","@/components/motion/table"
"src/components/admin/commission-payment-button.tsx","commissions","5","1","0","0","@/components/motion/center-morph-modal ; @/components/motion/input ; @/components/motion/stateful-button ; @/components/ui/button ; @/components/ui/textarea"
"src/components/admin/commission-policy-form.tsx","commissions","2","0","0","0","@/components/motion/input ; @/components/motion/stateful-button"
"src/components/admin/commissions-admin-filters.tsx","commissions","0","0","0","0","@/components/motion/input ; @/components/motion/select ; @/components/ui/button ; @/components/ui/date-picker ; @/components/ui/label"
"src/components/admin/commissions-admin-tables.tsx","commissions","0","0","1","0","@/components/motion/table ; @/components/ui/button"
"src/components/admin/identity-review-panel.tsx","identity","1","0","0","0","@/components/ui/alert ; @/components/ui/button ; @/components/ui/card ; @/components/ui/label ; @/components/ui/textarea"
"src/components/admin/paystack-provider-account-card.tsx","transactions","5","0","0","0","@/components/ui/button ; @/components/ui/input"
"src/components/admin/residence-review-panel.tsx","residences","2","0","0","0","@/components/ui/alert ; @/components/ui/button ; @/components/ui/card ; @/components/ui/label ; @/components/ui/textarea"
"src/components/admin/restaurant-detail-admin.tsx","restaurants","44","0","1","0","@/components/motion/animated-number ; @/components/motion/center-morph-modal ; @/components/motion/stateful-button ; @/components/motion/table ; @/components/ui/button ; @/components/ui/textarea"
"src/components/admin/restaurants-admin-table.tsx","restaurants","20","0","0","0","@/components/motion/input ; @/components/motion/table ; @/components/motion/tabs ; @/components/ui/button"
"src/components/admin/service-market-admin.tsx","service-markets","0","2","0","0","@/components/ui/badge ; @/components/ui/button ; @/components/ui/card ; @/components/ui/input"
"src/components/admin/service-market-boundary-map.tsx","service-markets","0","0","0","0","@/components/ui/map"
"src/components/admin/ui/admin-page.tsx","shared/ui admin","0","0","0","0",""
"src/components/admin/ui/empty-state.tsx","shared/ui admin","3","0","0","0",""
"src/components/admin/ui/page-header.tsx","shared/ui admin","0","0","0","0",""
"src/components/admin/ui/stat-card.tsx","shared/ui admin","11","0","0","0","@/components/motion/animated-number ; @/components/ui/card"
"src/components/admin/ui/status-badge.tsx","shared/ui admin","15","0","0","0","@/components/motion/animated-badge"
"src/components/admin/users-admin-table.tsx","admin-accounts","31","0","0","0","@/components/motion/center-morph-modal ; @/components/motion/input ; @/components/motion/stateful-button ; @/components/motion/table ; @/components/motion/tabs ; @/components/ui/button ; @/components/ui/textarea"
"src/components/auth/auth-layout.tsx","auth / partners / clients / deliveries","2","0","0","0",""
"src/components/auth/login-visual-panel.tsx","auth / partners / clients / deliveries","11","0","1","0",""
"src/components/auth/restaurateur-login-form.tsx","auth / partners / clients / deliveries","15","5","0","0","@/components/ui/app-logo"
"src/components/auth/restaurateur-register-form.tsx","auth / partners / clients / deliveries","23","6","0","0","@/components/ui/app-logo"
"src/components/client-app/adresse-livraison-picker.tsx","deliveries","0","0","0","0","@/components/ui/alert ; @/components/ui/button ; @/components/ui/input ; @/components/ui/label"
"src/components/client-app/client-auth-shell.tsx","clients","0","0","0","0","@/components/ui/app-logo"
"src/components/client-app/client-delivery-panel.tsx","deliveries","0","0","0","0","@/components/ui/alert ; @/components/ui/badge ; @/components/ui/button ; @/components/ui/card ; @/components/ui/skeleton"
"src/components/client-app/client-login-form.tsx","clients","0","0","0","0","@/components/ui/alert ; @/components/ui/button ; @/components/ui/input ; @/components/ui/label"
"src/components/client-app/client-register-form.tsx","clients","0","0","0","0","@/components/ui/alert ; @/components/ui/button ; @/components/ui/input ; @/components/ui/label"
"src/components/client-app/client-top-bar.tsx","clients","3","0","0","0","@/components/ui/avatar ; @/components/ui/badge ; @/components/ui/button ; @/components/ui/input"
"src/components/client-app/panier-flottant.tsx","orders","0","0","0","0","@/components/ui/button ; framer-motion"
"src/components/client-app/restaurant-bottom-sheet.tsx","restaurants","0","0","0","0","@/components/ui/badge ; @/components/ui/button ; @/components/ui/skeleton"
"src/components/client-app/restaurant-map.tsx","restaurants","5","0","2","0","@/components/ui/alert ; @/components/ui/button ; @/components/ui/map"
"src/components/dashboard/commandes/client-info.tsx","orders","0","0","0","0","@/components/ui/badge ; @/components/ui/button ; @/components/ui/card"
"src/components/dashboard/commandes/commande-details-page-client.tsx","orders","0","0","0","0",""
"src/components/dashboard/commandes/commandes-page-client.tsx","orders","0","0","0","0","@/components/motion/tabs ; @/components/ui/badge ; @/components/ui/date-picker ; @/components/ui/input ; @/components/ui/select"
"src/components/dashboard/commandes/delivery-map.tsx","deliveries","4","0","0","0","@/components/ui/card ; @/components/ui/map"
"src/components/dashboard/commandes/driver-info.tsx","orders","2","0","0","0","@/components/ui/badge ; @/components/ui/button ; @/components/ui/card ; @/components/ui/dialog ; @/components/ui/select"
"src/components/dashboard/commandes/footer.tsx","orders","0","0","0","0",""
"src/components/dashboard/commandes/order-card.tsx","orders","8","0","0","0","@/components/ui/alert-dialog ; @/components/ui/badge ; @/components/ui/button ; @/components/ui/card"
"src/components/dashboard/commandes/order-details-header.tsx","orders","12","0","0","0","@/components/ui/badge ; @/components/ui/button ; @/components/ui/card"
"src/components/dashboard/commandes/order-filters.tsx","orders","14","0","0","0","@/components/motion/tabs ; @/components/ui/badge"
"src/components/dashboard/commandes/order-items-table.tsx","orders","9","1","0","0","@/components/ui/alert ; @/components/ui/badge ; @/components/ui/button ; @/components/ui/card"
"src/components/dashboard/commandes/order-status-control.tsx","orders","2","0","0","0","@/components/ui/alert-dialog ; @/components/ui/button ; @/components/ui/dropdown-menu"
"src/components/dashboard/commandes/order-tracking.tsx","orders","0","0","0","0","@/components/ui/alert ; @/components/ui/badge ; @/components/ui/button ; @/components/ui/card"
"src/components/dashboard/commandes/receipt-print-content.tsx","orders","0","1","7","0",""
"src/components/dashboard/commandes/skeletons.tsx","orders","0","0","0","0","@/components/ui/card ; @/components/ui/skeleton"
"src/components/dashboard/layout/dashboard-realtime-provider.tsx","shared/ui dashboard","0","0","0","0",""
"src/components/dashboard/layout/footer.tsx","shared/ui dashboard","0","0","0","0",""
"src/components/dashboard/layout/header.tsx","shared/ui dashboard","0","0","0","0","@/components/ui/avatar ; @/components/ui/button ; @/components/ui/dropdown-menu"
"src/components/dashboard/layout/navbar.tsx","shared/ui dashboard","8","0","0","0","@/components/ui/button"
"src/components/dashboard/layout/sidebar.tsx","shared/ui dashboard","0","0","0","0","@/components/ui/app-logo ; @/components/ui/badge ; @/components/ui/button ; @/components/ui/sheet"
"src/components/dashboard/livreurs/fleet-page-client.tsx","deliveries","0","0","0","0","@/components/ui/alert ; @/components/ui/alert-dialog ; @/components/ui/badge ; @/components/ui/button ; @/components/ui/card ; @/components/ui/dialog ; @/components/ui/input ; @/components/ui/label ; @/components/ui/select ; @/components/ui/table ; @/components/ui/textarea"
"src/components/dashboard/menu/category-organizer-dialog.tsx","menu","0","0","0","0","@/components/ui/button ; @/components/ui/dialog ; @/components/ui/input ; @/components/ui/switch"
"src/components/dashboard/menu/delete-plat-dialog.tsx","menu","1","0","0","0","@/components/ui/alert-dialog"
"src/components/dashboard/menu/menu-card.tsx","menu","3","0","0","0","@/components/ui/button ; @/components/ui/dropdown-menu ; @/components/ui/switch"
"src/components/dashboard/menu/menu-filters.tsx","menu","4","2","0","0","@/components/ui/button ; @/components/ui/input"
"src/components/dashboard/menu/menu-form-new.tsx","menu","16","1","0","0","@/components/ui/button ; framer-motion"
"src/components/dashboard/menu/menu-info-panel.tsx","menu","17","0","0","0",""
"src/components/dashboard/menu/menu-manager.tsx","menu","4","0","0","0","@/components/ui/button"
"src/components/dashboard/menu/plat-edit-dialog.tsx","menu","17","6","0","0","@/components/ui/button ; @/components/ui/dialog ; @/components/ui/switch"
"src/components/dashboard/menu/plat-stats-panel.tsx","menu","5","0","0","0",""
"src/components/dashboard/menu/similar-dishes.tsx","menu","11","0","0","0",""
"src/components/dashboard/menu/skeletons.tsx","menu","0","0","0","0","@/components/ui/skeleton"
"src/components/dashboard/menu/wizard/StepApercu.tsx","menu","14","0","0","0",""
"src/components/dashboard/menu/wizard/StepCategorie.tsx","menu","17","4","0","0","@/components/ui/switch"
"src/components/dashboard/menu/wizard/StepInfo.tsx","menu","17","4","0","0","@/components/ui/button"
"src/components/dashboard/notifications-client.tsx","notifications","12","0","0","0","@/components/ui/button"
"src/components/dashboard/notifications/notifications-provider.tsx","notifications","0","0","0","0",""
"src/components/dashboard/pagination.tsx","shared/ui pagination","1","0","0","0","@/components/ui/button"
"src/components/dashboard/profil/formulaire-profil.tsx","clients","3","3","0","0","@/components/ui/button ; @/components/ui/checkbox ; @/components/ui/input ; @/components/ui/label ; @/components/ui/switch ; @/components/ui/textarea"
"src/components/dashboard/profil/opening-hours-manager.tsx","clients","0","0","0","0","@/components/ui/alert-dialog ; @/components/ui/badge ; @/components/ui/button ; @/components/ui/card ; @/components/ui/checkbox ; @/components/ui/dialog ; @/components/ui/input ; @/components/ui/label ; @/components/ui/switch"
"src/components/dashboard/profil/restaurant-location-picker.tsx","restaurants","0","0","0","0","@/components/ui/badge ; @/components/ui/button ; @/components/ui/card ; @/components/ui/input ; @/components/ui/label ; @/components/ui/map"
"src/components/dashboard/restaurant-validation-status.tsx","restaurants","22","0","0","0","@/components/ui/button"
"src/components/dashboard/stats/dashboard-secondary-sections.tsx","orders / analytics","0","0","0","0",""
"src/components/dashboard/stats/order-types.tsx","orders / analytics","0","0","0","0","@/components/ui/card ; @/components/ui/progress"
"src/components/dashboard/stats/orders-overview.tsx","orders / analytics","0","0","0","0","@/components/ui/card"
"src/components/dashboard/stats/recent-activity.tsx","orders / analytics","0","0","0","0","@/components/ui/card"
"src/components/dashboard/stats/recent-orders-section.tsx","orders / analytics","0","0","0","0",""
"src/components/dashboard/stats/recent-orders.tsx","orders / analytics","16","0","0","0","@/components/ui/badge ; @/components/ui/card ; @/components/ui/table"
"src/components/dashboard/stats/revenue-chart.tsx","orders / analytics","0","0","0","0","@/components/ui/card"
"src/components/dashboard/stats/revenue-section.tsx","orders / analytics","0","0","0","0",""
"src/components/dashboard/stats/skeletons.tsx","orders / analytics","0","0","1","0","@/components/ui/card ; @/components/ui/skeleton"
"src/components/dashboard/stats/stats-cards.tsx","orders / analytics","0","0","0","0","@/components/ui/card"
"src/components/dashboard/stats/stats-section.tsx","orders / analytics","0","0","0","0",""
"src/components/dashboard/stats/stats-shell.tsx","orders / analytics","0","0","0","0",""
"src/components/dashboard/stats/top-categories.tsx","orders / analytics","0","0","1","0","@/components/ui/card"
"src/components/dashboard/stats/trending-menus.tsx","orders / analytics","0","0","0","0","@/components/ui/badge ; @/components/ui/button ; @/components/ui/card"
"src/components/dashboard/stats/trending-section.tsx","orders / analytics","0","0","0","0",""
"src/components/driver-app/driver-app.tsx","deliveries","0","0","0","0","@/components/ui/alert ; @/components/ui/badge ; @/components/ui/button ; @/components/ui/card ; @/components/ui/dialog ; @/components/ui/input ; @/components/ui/label ; @/components/ui/select ; @/components/ui/separator ; @/components/ui/switch ; @/components/ui/textarea"
"src/components/identity/identity-verification-form.tsx","identity","14","2","0","0","@/components/ui/alert ; @/components/ui/button ; @/components/ui/card ; @/components/ui/input ; @/components/ui/label"
"src/components/kokonutui/team-selector.tsx","residences (composant à remplacer)","37","2","1","0",""
"src/components/landing/components/AboutPlatform.tsx","presentation transverse / domaine de la route","49","0","1","0",""
"src/components/landing/components/BackgroundDecoration.tsx","presentation transverse / domaine de la route","0","0","1","1",""
"src/components/landing/components/Benefits.tsx","presentation transverse / domaine de la route","0","0","0","0",""
"src/components/landing/components/BlurText.tsx","presentation transverse / domaine de la route","0","0","1","0",""
"src/components/landing/components/CTA.tsx","presentation transverse / domaine de la route","0","0","0","0",""
"src/components/landing/components/ClickSpark.tsx","presentation transverse / domaine de la route","0","0","2","0",""
"src/components/landing/components/CurvedLoop.tsx","presentation transverse / domaine de la route","0","0","2","0",""
"src/components/landing/components/DashboardShowcase.tsx","presentation transverse / domaine de la route","49","8","0","0",""
"src/components/landing/components/FeatureGrid.tsx","presentation transverse / domaine de la route","30","0","4","0",""
"src/components/landing/components/Footer.tsx","presentation transverse / domaine de la route","1","1","1","0",""
"src/components/landing/components/Hero.tsx","presentation transverse / domaine de la route","1","1","2","0",""
"src/components/landing/components/InteractiveDashboard.tsx","presentation transverse / domaine de la route","136","12","0","0",""
"src/components/landing/components/LogoLoop.tsx","presentation transverse / domaine de la route","0","0","1","0",""
"src/components/landing/components/Magnet.tsx","presentation transverse / domaine de la route","0","0","2","0",""
"src/components/landing/components/Navbar.tsx","presentation transverse / domaine de la route","0","0","0","0","@/components/ui/app-logo"
"src/components/landing/components/PixelCard.tsx","presentation transverse / domaine de la route","0","0","1","0",""
"src/components/landing/components/Pricing.tsx","presentation transverse / domaine de la route","0","0","2","0",""
"src/components/landing/components/ScrollStack.tsx","presentation transverse / domaine de la route","0","0","0","0",""
"src/components/landing/components/ShapeGrid.tsx","presentation transverse / domaine de la route","0","0","0","0",""
"src/components/landing/components/StaggeredMenu.tsx","presentation transverse / domaine de la route","0","1","2","0","gsap"
"src/components/landing/components/Testimonials.tsx","presentation transverse / domaine de la route","6","0","2","0",""
"src/components/landing/components/TrustedBy.tsx","presentation transverse / domaine de la route","2","0","0","0",""
"src/components/landing/components/VariableProximity.tsx","presentation transverse / domaine de la route","0","0","4","0",""
"src/components/landing/components/animated-glassy-pricing.tsx","presentation transverse / domaine de la route","13","0","0","0",""
"src/components/landing/ui/Beams.tsx","presentation transverse / domaine de la route","0","0","0","0",""
"src/components/landing/ui/demo.tsx","presentation transverse / domaine de la route","6","0","0","0","@/components/ui/app-logo"
"src/components/landing/ui/hover-footer.tsx","presentation transverse / domaine de la route","0","0","2","0",""
"src/components/landing/ui/multi-type-ripple-buttons.tsx","presentation transverse / domaine de la route","1","4","3","0",""
"src/components/legal/legal-page.tsx","presentation transverse / domaine de la route","0","0","0","0",""
"src/components/motion/animated-badge.tsx","shared","8","0","0","0",""
"src/components/motion/animated-number.tsx","shared","0","0","0","0",""
"src/components/motion/availability-scheduler/copy-menu.tsx","menu","0","2","0","0","@/components/motion/checkbox ; @/components/motion/popover-morph ; @/components/motion/tooltip"
"src/components/motion/availability-scheduler/day-row.tsx","shared","0","0","2","0","@/components/motion/switch ; @/components/motion/tooltip"
"src/components/motion/availability-scheduler/icon-button.tsx","shared","0","0","0","0",""
"src/components/motion/availability-scheduler/index.tsx","shared","0","0","0","0",""
"src/components/motion/availability-scheduler/time-select.tsx","shared","0","0","0","0","@/components/motion/select"
"src/components/motion/center-morph-modal.tsx","shared","0","0","2","0",""
"src/components/motion/checkbox.tsx","shared","0","0","0","0",""
"src/components/motion/drawer.tsx","shared","0","0","0","0",""
"src/components/motion/input.tsx","shared","1","1","0","0",""
"src/components/motion/loader.tsx","shared","0","0","22","0",""
"src/components/motion/popover-morph.tsx","shared","0","0","2","0",""
"src/components/motion/range-slider.tsx","shared","0","0","3","0",""
"src/components/motion/select.tsx","shared","0","1","1","0",""
"src/components/motion/stateful-button.tsx","shared","0","0","0","0","@/components/ui/button"
"src/components/motion/switch.tsx","shared","0","0","0","0",""
"src/components/motion/table/editable-cell.tsx","shared","0","1","0","0",""
"src/components/motion/table/index.tsx","shared","0","1","6","0","@/components/motion/checkbox"
"src/components/motion/table/row-handle.tsx","shared","0","0","1","0",""
"src/components/motion/table/skeleton-rows.tsx","shared","0","0","1","0",""
"src/components/motion/table/table-header.tsx","shared","0","4","4","0","@/components/motion/checkbox"
"src/components/motion/table/table-menu.tsx","menu","2","2","1","0",""
"src/components/motion/tabs.tsx","shared","0","2","1","0",""
"src/components/motion/text-reveal.tsx","shared","0","0","0","0",""
"src/components/motion/tooltip.tsx","shared","0","0","2","0",""
"src/components/offline-provider.tsx","shared / infrastructure UI","1","0","0","0",""
"src/components/offline-screen.tsx","shared / infrastructure UI","5","1","0","0",""
"src/components/onboarding/DashboardView.tsx","partners","73","4","0","0",""
"src/components/onboarding/InteractiveMap.tsx","partners","2","0","0","0","@/components/ui/button ; @/components/ui/map"
"src/components/onboarding/Sidebar.tsx","partners","18","0","0","0",""
"src/components/onboarding/StepAddress.tsx","partners","21","0","0","0","@/components/motion/input ; @/components/motion/select ; @/components/ui/label"
"src/components/onboarding/StepGeneral.tsx","partners","31","2","0","0","@/components/motion/input ; @/components/motion/select ; @/components/ui/input ; @/components/ui/label ; @/components/ui/textarea"
"src/components/onboarding/StepMenu.tsx","partners","30","1","0","0","@/components/motion/input ; @/components/motion/select ; @/components/motion/stateful-button ; @/components/ui/button ; @/components/ui/input ; @/components/ui/label ; @/components/ui/textarea"
"src/components/onboarding/StepOverview.tsx","partners","51","0","0","0",""
"src/components/onboarding/StepSchedule.tsx","partners","5","0","0","0",""
"src/components/onboarding/StepSettings.tsx","partners","30","2","0","0","@/components/ui/button"
"src/components/onboarding/StepSocials.tsx","partners","40","3","0","0","@/components/motion/input"
"src/components/partner/partner-navigation.tsx","partners","20","0","0","0","@/components/ui/app-logo ; @/components/ui/button ; @/components/ui/sheet"
"src/components/partner/partner-reservations-workspace.tsx","residences","2","0","0","0","@/components/motion/tabs ; @/components/ui/alert ; @/components/ui/alert-dialog ; @/components/ui/badge ; @/components/ui/button ; @/components/ui/card ; @/components/ui/checkbox ; @/components/ui/dialog ; @/components/ui/input ; @/components/ui/label ; @/components/ui/select ; @/components/ui/table ; @/components/ui/textarea"
"src/components/partner/residence-calendar-manager.tsx","residences","5","0","0","0","@/components/motion/stateful-button ; @/components/ui/button ; @/components/ui/input ; @/components/ui/label"
"src/components/public-page/about-us.tsx","presentation transverse / domaine de la route","0","0","0","0","@/components/ui/avatar ; @/components/ui/badge ; @/components/ui/separator"
"src/components/public-page/footer.tsx","presentation transverse / domaine de la route","0","0","0","0","@/components/ui/button ; @/components/ui/map ; @/components/ui/separator"
"src/components/public-page/gallery-section.tsx","presentation transverse / domaine de la route","16","5","0","0",""
"src/components/public-page/hero.tsx","presentation transverse / domaine de la route","14","1","0","0","@/components/ui/button"
"src/components/public-page/main.tsx","presentation transverse / domaine de la route","0","0","0","0",""
"src/components/public-page/menu-modal.tsx","menu","1","0","0","0","@/components/motion/tabs ; @/components/ui/button ; @/components/ui/dialog ; @/components/ui/input"
"src/components/public-page/navbar.tsx","presentation transverse / domaine de la route","0","0","0","0",""
"src/components/public-page/practical-details.tsx","presentation transverse / domaine de la route","0","0","0","0","@/components/ui/badge ; @/components/ui/button ; @/components/ui/separator"
"src/components/public-page/practical-info.tsx","presentation transverse / domaine de la route","16","1","0","0",""
"src/components/public-page/reserve-modal.tsx","presentation transverse / domaine de la route","35","10","0","0",""
"src/components/public-page/reviews-section.tsx","presentation transverse / domaine de la route","55","6","0","0",""
"src/components/residences/public-residence-card.tsx","residences","11","0","0","0","@/components/ui/badge"
"src/components/residences/public-residence-header.tsx","residences","0","0","0","0","@/components/ui/app-logo ; @/components/ui/button"
"src/components/residences/public-residence-search.tsx","residences","3","0","0","0","@/components/ui/button ; @/components/ui/field ; @/components/ui/input"
"src/components/residences/residence-booking-card.tsx","residences","9","0","0","0","@/components/kokonutui/team-selector ; @/components/motion/stateful-button ; @/components/ui/alert ; @/components/ui/field ; @/components/ui/radio-group"
"src/components/residences/residence-date-range-picker.tsx","residences","0","0","0","0","@/components/ui/button ; @/components/ui/calendar ; @/components/ui/popover"
"src/components/residences/residence-form.tsx","residences","7","2","0","0","@/components/ui/alert ; @/components/ui/button ; @/components/ui/card ; @/components/ui/input ; @/components/ui/label ; @/components/ui/textarea"
"src/components/residences/residence-location-picker.tsx","residences","0","0","0","0","@/components/ui/button ; @/components/ui/input ; @/components/ui/label"
"src/components/residences/residence-onboarding-wizard.tsx","residences","37","2","0","0","@/components/ui/alert ; @/components/ui/button ; @/components/ui/input ; @/components/ui/label ; @/components/ui/textarea"
"src/components/residences/residence-publication-controls.tsx","residences","0","0","0","0","@/components/ui/alert-dialog ; @/components/ui/button"
"src/components/restaurateur/pay-commission-debt.tsx","commissions","0","0","0","0","@/components/ui/button ; @/components/ui/input ; @/components/ui/label"
"src/components/restaurateur/restaurateur-subscription-button.tsx","subscriptions / quotas","0","0","0","0","@/components/ui/button ; @/components/ui/dialog"
"src/components/restaurateur/resume-subscription-payment.tsx","subscriptions / quotas","0","0","0","0","@/components/ui/button"
"src/components/shared/avatar-fallback.tsx","shared","0","0","0","0","@/components/ui/avatar"
"src/components/shared/logout-confirmation-dialog.tsx","shared","0","0","0","0","@/components/ui/alert-dialog"
"src/components/ui/alert-dialog.tsx","shared","0","0","0","0","@/components/ui/button"
"src/components/ui/alert.tsx","shared","0","0","0","0",""
"src/components/ui/app-logo.tsx","shared","0","0","0","0",""
"src/components/ui/avatar.tsx","shared","0","0","0","0",""
"src/components/ui/badge.tsx","shared","0","0","0","0",""
"src/components/ui/button.tsx","shared","0","0","0","0",""
"src/components/ui/calendar.tsx","shared","0","0","0","0","@/components/ui/button"
"src/components/ui/card-hover-effect.tsx","shared","1","0","0","0",""
"src/components/ui/card.tsx","shared","0","0","0","0",""
"src/components/ui/checkbox.tsx","shared","0","0","0","0",""
"src/components/ui/date-picker.tsx","shared","0","0","0","0","@/components/ui/button ; @/components/ui/calendar ; @/components/ui/popover"
"src/components/ui/dialog.tsx","shared","0","0","0","0","@/components/ui/button"
"src/components/ui/dropdown-menu.tsx","menu","0","0","0","0",""
"src/components/ui/field.tsx","shared","0","0","0","0","@/components/ui/label ; @/components/ui/separator"
"src/components/ui/form.tsx","shared","0","0","0","0",""
"src/components/ui/input.tsx","shared","0","1","0","0",""
"src/components/ui/label.tsx","shared","0","0","0","0",""
"src/components/ui/map.tsx","shared","1","2","1","0","@/components/ui/map-lifecycle"
"src/components/ui/popover.tsx","shared","0","0","0","0",""
"src/components/ui/progress.tsx","shared","0","0","1","0",""
"src/components/ui/radio-group.tsx","shared","0","0","0","0",""
"src/components/ui/select.tsx","shared","0","0","0","0",""
"src/components/ui/separator.tsx","shared","0","0","0","0",""
"src/components/ui/sheet.tsx","shared","0","0","0","0","@/components/ui/button"
"src/components/ui/skeleton.tsx","shared","0","0","0","0",""
"src/components/ui/sonner.tsx","shared","0","0","1","0",""
"src/components/ui/switch.tsx","shared","0","0","0","0",""
"src/components/ui/table.tsx","shared","0","1","0","0",""
"src/components/ui/tabs.tsx","shared","0","0","0","0",""
"src/components/ui/textarea.tsx","shared","0","1","0","0",""
"src/components/ui/tooltip.tsx","shared","0","0","0","0",""
"src/modules/identity/presentation/identity-status-badge.tsx","identity","12","0","0","0","@/components/ui/badge"
"src/modules/residences/presentation/residence-publication-status.tsx","residences","5","0","0","0","@/components/ui/badge"
"src/modules/residences/presentation/residence-status-badge.tsx","residences","0","0","0","0","@/components/ui/badge"
