"file","owner","kind"
"scripts/backup-block6.ts","opérations / migration","script opérationnel"
"scripts/e2e/api-matrix-test.mjs","opérations / migration","script opérationnel"
"scripts/e2e/browser-journeys.mjs","opérations / migration","script opérationnel"
"scripts/e2e/debug-client-login.mjs","opérations / migration","script opérationnel"
"scripts/e2e/debug-panier.mjs","opérations / migration","script opérationnel"
"scripts/export-openapi-v1.ts","opérations / migration","script opérationnel"
"scripts/generate-app-db-baseline.ts","opérations / migration","script opérationnel"
"scripts/geo/backfill-restaurant-markets.ts","service-markets / opérations","script opérationnel"
"scripts/geo/fetch-osm-relations.ts","service-markets / opérations","script opérationnel"
"scripts/geo/import-boundaries.ts","service-markets / opérations","script opérationnel"
"scripts/geo/validate-boundaries.ts","service-markets / opérations","script opérationnel"
"scripts/migrate-cloudinary-media.ts","opérations / migration","script opérationnel"
"scripts/migrate-run.ts","opérations / migration","script opérationnel"
"scripts/security/check-seeded-admin.ts","infrastructure sécurité / opérations","script opérationnel"
"scripts/security/check-vps-env.mjs","infrastructure sécurité / opérations","script opérationnel"
"scripts/security/clamav-probe.mjs","infrastructure sécurité / opérations","script opérationnel"
"scripts/security/configure-admin-totp-secret.mjs","infrastructure sécurité / opérations","script opérationnel"
"scripts/security/create-clamav-sandbox-snapshot.mjs","infrastructure sécurité / opérations","script opérationnel"
"scripts/security/csp-browser-check.mjs","infrastructure sécurité / opérations","script opérationnel"
"scripts/security/generate-vps-env.mjs","infrastructure sécurité / opérations","script opérationnel"
"scripts/security/grant-runtime-db-role.ts","infrastructure sécurité / opérations","script opérationnel"
"scripts/security/inspect-runtime-db.ts","infrastructure sécurité / opérations","script opérationnel"
"scripts/security/kyc-scan-worker.mjs","infrastructure sécurité / opérations","script opérationnel"
"scripts/security/provision-runtime-db-role.ts","infrastructure sécurité / opérations","script opérationnel"
"scripts/security/reset-admin-password.ts","infrastructure sécurité / opérations","script opérationnel"
"scripts/security/sync-vercel-security-env.mjs","infrastructure sécurité / opérations","script opérationnel"
"scripts/security/verify-container-secrets.mjs","infrastructure sécurité / opérations","script opérationnel"
"scripts/verify-block6-db.test.ts","opérations / migration","script opérationnel"
"scripts/verify-block6-db.ts","opérations / migration","script opérationnel"
"scripts/verify-block6-service.test.ts","opérations / migration","script opérationnel"
"scripts/verify-identity-db.ts","opérations / migration","script opérationnel"
"scripts/verify-identity-storage.ts","opérations / migration","script opérationnel"
"scripts/verify-order-api.mjs","opérations / migration","script opérationnel"
"scripts/verify-order-idempotency.mjs","opérations / migration","script opérationnel"
"scripts/verify-quota-concurrency.mjs","opérations / migration","script opérationnel"
"scripts/with-test-env.mjs","opérations / migration","script opérationnel"
"src/app/(auth)/login/page.tsx","auth / partners / clients / deliveries","surface App Router"
"src/app/(auth)/register/page.tsx","auth / partners / clients / deliveries","surface App Router"
"src/app/(client)/client/client.tsx","clients","support / autre"
"src/app/(client)/client/login/page.tsx","clients","surface App Router"
"src/app/(client)/client/page.tsx","clients","surface App Router"
"src/app/(client)/client/register/page.tsx","clients","surface App Router"
"src/app/(client)/client/restaurant/[slug]/page.tsx","restaurants","surface App Router"
"src/app/(client)/commandes/[id]/page.tsx","orders","surface App Router"
"src/app/(client)/commandes/client.tsx","orders","support / autre"
"src/app/(client)/commandes/page.tsx","orders","surface App Router"
"src/app/(client)/layout.tsx","clients","surface App Router"
"src/app/(client)/panier/client.tsx","orders","support / autre"
"src/app/(client)/panier/confirmer/client.tsx","orders","support / autre"
"src/app/(client)/panier/confirmer/page.tsx","orders","surface App Router"
"src/app/(client)/panier/page.tsx","orders","surface App Router"
"src/app/(client)/profil/client.tsx","clients","support / autre"
"src/app/(client)/profil/page.tsx","clients","surface App Router"
"src/app/(client)/reservations/[id]/page.tsx","residences","surface App Router"
"src/app/(client)/reservations/client.tsx","residences","support / autre"
"src/app/(client)/reservations/page.tsx","residences","surface App Router"
"src/app/(dashboard)/admin/a-traiter/page.tsx","projection admin transverse","surface App Router"
"src/app/(dashboard)/admin/abonnements/page.tsx","subscriptions / quotas","surface App Router"
"src/app/(dashboard)/admin/audit/page.tsx","audit","surface App Router"
"src/app/(dashboard)/admin/commandes/[id]/page.tsx","orders","surface App Router"
"src/app/(dashboard)/admin/commandes/page.tsx","orders","surface App Router"
"src/app/(dashboard)/admin/commissions/page.tsx","commissions","surface App Router"
"src/app/(dashboard)/admin/error.tsx","projection admin transverse","surface App Router"
"src/app/(dashboard)/admin/layout.tsx","projection admin transverse","surface App Router"
"src/app/(dashboard)/admin/loading.tsx","projection admin transverse","surface App Router"
"src/app/(dashboard)/admin/page.tsx","projection admin transverse","surface App Router"
"src/app/(dashboard)/admin/parametres/page.tsx","projection admin transverse","surface App Router"
"src/app/(dashboard)/admin/residences/[id]/page.tsx","residences","surface App Router"
"src/app/(dashboard)/admin/residences/actions.ts","residences","Server Actions / actions legacy"
"src/app/(dashboard)/admin/residences/page.tsx","residences","surface App Router"
"src/app/(dashboard)/admin/restaurants/[id]/page.tsx","restaurants","surface App Router"
"src/app/(dashboard)/admin/restaurants/page.tsx","restaurants","surface App Router"
"src/app/(dashboard)/admin/support/page.tsx","projection admin transverse","surface App Router"
"src/app/(dashboard)/admin/users/actions.ts","admin-accounts / clients / partners","Server Actions / actions legacy"
"src/app/(dashboard)/admin/users/page.tsx","admin-accounts / clients / partners","surface App Router"
"src/app/(dashboard)/admin/verifications/[id]/page.tsx","identity","surface App Router"
"src/app/(dashboard)/admin/verifications/actions.ts","identity","Server Actions / actions legacy"
"src/app/(dashboard)/admin/verifications/page.tsx","identity","surface App Router"
"src/app/(dashboard)/admin/zones/page.tsx","service-markets","surface App Router"
"src/app/(dashboard)/partenaire/facturation/page.tsx","subscriptions / quotas","surface App Router"
"src/app/(dashboard)/partenaire/layout.tsx","partners / residences","surface App Router"
"src/app/(dashboard)/partenaire/onboarding/page.tsx","partners","surface App Router"
"src/app/(dashboard)/partenaire/page.tsx","partners / residences","surface App Router"
"src/app/(dashboard)/partenaire/reservations/actions.ts","residences","Server Actions / actions legacy"
"src/app/(dashboard)/partenaire/reservations/page.tsx","residences","surface App Router"
"src/app/(dashboard)/partenaire/residences/[id]/page.tsx","residences","surface App Router"
"src/app/(dashboard)/partenaire/residences/actions.ts","residences","Server Actions / actions legacy"
"src/app/(dashboard)/partenaire/residences/nouvelle/page.tsx","residences","surface App Router"
"src/app/(dashboard)/partenaire/residences/page.tsx","residences","surface App Router"
"src/app/(dashboard)/partenaire/verification/actions.test.ts","identity","test"
"src/app/(dashboard)/partenaire/verification/actions.ts","identity","Server Actions / actions legacy"
"src/app/(dashboard)/partenaire/verification/page.tsx","identity","surface App Router"
"src/app/(dashboard)/restaurateur/commandes/[id]/page.tsx","orders","surface App Router"
"src/app/(dashboard)/restaurateur/commandes/error.tsx","orders","surface App Router"
"src/app/(dashboard)/restaurateur/commandes/loading.tsx","orders","surface App Router"
"src/app/(dashboard)/restaurateur/commandes/page.tsx","orders","surface App Router"
"src/app/(dashboard)/restaurateur/facturation/page.tsx","subscriptions / quotas","surface App Router"
"src/app/(dashboard)/restaurateur/layout.tsx","restaurants","surface App Router"
"src/app/(dashboard)/restaurateur/livreurs/actions.ts","deliveries","Server Actions / actions legacy"
"src/app/(dashboard)/restaurateur/livreurs/page.tsx","deliveries","surface App Router"
"src/app/(dashboard)/restaurateur/loading.tsx","restaurants","surface App Router"
"src/app/(dashboard)/restaurateur/menu/[id]/menu-detail-client.tsx","menu","support / autre"
"src/app/(dashboard)/restaurateur/menu/[id]/page.tsx","menu","surface App Router"
"src/app/(dashboard)/restaurateur/menu/loading.tsx","menu","surface App Router"
"src/app/(dashboard)/restaurateur/menu/new/page.tsx","menu","surface App Router"
"src/app/(dashboard)/restaurateur/menu/page.tsx","menu","surface App Router"
"src/app/(dashboard)/restaurateur/notifications/page.tsx","notifications","surface App Router"
"src/app/(dashboard)/restaurateur/page.tsx","restaurants","surface App Router"
"src/app/(dashboard)/restaurateur/profil/page.tsx","clients","surface App Router"
"src/app/(public)/conditions-generales/page.tsx","presentation transverse / domaine de la route","surface App Router"
"src/app/(public)/confidentialite/page.tsx","presentation transverse / domaine de la route","surface App Router"
"src/app/(public)/cookies/page.tsx","presentation transverse / domaine de la route","surface App Router"
"src/app/(public)/mentions-legales/page.tsx","presentation transverse / domaine de la route","surface App Router"
"src/app/(public)/residences/[slug]/page.tsx","residences","surface App Router"
"src/app/(public)/residences/page.tsx","residences","surface App Router"
"src/app/(public)/restaurant/[slug]/error.tsx","restaurants","surface App Router"
"src/app/(public)/restaurant/[slug]/loading.tsx","restaurants","surface App Router"
"src/app/(public)/restaurant/[slug]/page.tsx","restaurants","surface App Router"
"src/app/api/admin/identity/documents/[id]/route.ts","identity","Route Handler"
"src/app/api/admin/restaurants/[id]/route.ts","restaurants","Route Handler"
"src/app/api/admin/restaurants/route.ts","restaurants","Route Handler"
"src/app/api/auth/login/route.ts","auth / partners / clients / deliveries","Route Handler"
"src/app/api/auth/logout/route.ts","auth / partners / clients / deliveries","Route Handler"
"src/app/api/auth/register/route.ts","auth / partners / clients / deliveries","Route Handler"
"src/app/api/commandes/[id]/statut/route.ts","orders","Route Handler"
"src/app/api/commandes/stream/route.ts","orders","Route Handler"
"src/app/api/cron/subscriptions/route.ts","subscriptions / quotas","Route Handler"
"src/app/api/geo/route.ts","service-markets","Route Handler"
"src/app/api/health/route.ts","infrastructure","Route Handler"
"src/app/api/media/upload/route.ts","media","Route Handler"
"src/app/api/notifications/count/route.ts","notifications","Route Handler"
"src/app/api/notifications/route.ts","notifications","Route Handler"
"src/app/api/partner/identity/documents/[id]/route.ts","identity","Route Handler"
"src/app/api/partner/identity/documents/route.ts","identity","Route Handler"
"src/app/api/payments/paystack/callback/route.ts","transactions","Route Handler"
"src/app/api/push/web/subscribe/route.ts","notifications","Route Handler"
"src/app/api/queues/identity-document-scan/route.ts","identity","Route Handler"
"src/app/api/restaurants/[id]/route.ts","restaurants","Route Handler"
"src/app/api/restaurateur/categories/route.ts","menu","Route Handler"
"src/app/api/restaurateur/plats/route.ts","menu","Route Handler"
"src/app/api/v1/auth/login/route.ts","auth / partners / clients / deliveries","Route Handler"
"src/app/api/v1/auth/logout/route.ts","auth / partners / clients / deliveries","Route Handler"
"src/app/api/v1/auth/refresh/route.ts","auth / partners / clients / deliveries","Route Handler"
"src/app/api/v1/client/auth/login/route.ts","clients","Route Handler"
"src/app/api/v1/client/auth/logout/route.ts","clients","Route Handler"
"src/app/api/v1/client/auth/me/route.ts","clients","Route Handler"
"src/app/api/v1/client/auth/refresh/route.ts","clients","Route Handler"
"src/app/api/v1/client/auth/register/route.ts","clients","Route Handler"
"src/app/api/v1/client/commandes/[id]/livraison/confirmation/route.ts","deliveries","Route Handler"
"src/app/api/v1/client/commandes/[id]/livraison/route.ts","deliveries","Route Handler"
"src/app/api/v1/client/commandes/[id]/paiement/route.ts","orders","Route Handler"
"src/app/api/v1/client/commandes/[id]/route.ts","orders","Route Handler"
"src/app/api/v1/client/commandes/[id]/stream/route.ts","orders","Route Handler"
"src/app/api/v1/client/commandes/order-error-response.ts","orders","support / autre"
"src/app/api/v1/client/commandes/prevalidate/route.ts","orders","Route Handler"
"src/app/api/v1/client/commandes/route.ts","orders","Route Handler"
"src/app/api/v1/client/geo/geocode/route.ts","service-markets","Route Handler"
"src/app/api/v1/client/location/resolve/route.ts","clients","Route Handler"
"src/app/api/v1/client/notifications/route.ts","notifications","Route Handler"
"src/app/api/v1/client/push/expo/route.ts","notifications","Route Handler"
"src/app/api/v1/client/reservations/[id]/cancel/route.ts","residences","Route Handler"
"src/app/api/v1/client/reservations/[id]/payment/route.ts","residences","Route Handler"
"src/app/api/v1/client/reservations/[id]/route.ts","residences","Route Handler"
"src/app/api/v1/client/reservations/route.ts","residences","Route Handler"
"src/app/api/v1/client/restaurants/[slug]/menu/route.ts","menu","Route Handler"
"src/app/api/v1/client/restaurants/[slug]/route.ts","restaurants","Route Handler"
"src/app/api/v1/client/restaurants/http.ts","restaurants","support / autre"
"src/app/api/v1/client/restaurants/route.ts","restaurants","Route Handler"
"src/app/api/v1/client/restaurants/search/route.ts","restaurants","Route Handler"
"src/app/api/v1/livreur/auth/activation/route.ts","deliveries","Route Handler"
"src/app/api/v1/livreur/auth/login/route.ts","deliveries","Route Handler"
"src/app/api/v1/livreur/auth/logout/route.ts","deliveries","Route Handler"
"src/app/api/v1/livreur/auth/refresh/route.ts","deliveries","Route Handler"
"src/app/api/v1/livreur/disponibilite/route.ts","deliveries","Route Handler"
"src/app/api/v1/livreur/livraisons/[id]/depart/route.ts","deliveries","Route Handler"
"src/app/api/v1/livreur/livraisons/[id]/echec/route.ts","deliveries","Route Handler"
"src/app/api/v1/livreur/livraisons/[id]/remise/route.ts","deliveries","Route Handler"
"src/app/api/v1/livreur/livraisons/[id]/route.ts","deliveries","Route Handler"
"src/app/api/v1/livreur/livraisons/route.ts","deliveries","Route Handler"
"src/app/api/v1/livreur/me/route.ts","deliveries","Route Handler"
"src/app/api/v1/livreur/notifications/route.ts","deliveries","Route Handler"
"src/app/api/v1/livreur/offres/[id]/reponse/route.ts","deliveries","Route Handler"
"src/app/api/v1/livreur/offres/courante/route.ts","deliveries","Route Handler"
"src/app/api/v1/livreur/push/expo/route.ts","deliveries","Route Handler"
"src/app/api/v1/openapi.json/route.ts","infrastructure API","Route Handler"
"src/app/api/v1/public/discovery/events/route.ts","discovery","Route Handler"
"src/app/api/v1/public/discovery/open/route.ts","discovery","Route Handler"
"src/app/api/v1/public/residences/[id]/availability/route.ts","residences","Route Handler"
"src/app/api/v1/public/residences/[id]/quote/route.ts","residences","Route Handler"
"src/app/api/v1/public/residences/[id]/route.ts","residences","Route Handler"
"src/app/api/v1/public/residences/search/route.ts","residences","Route Handler"
"src/app/api/v1/public/restaurants/[slug]/menu/route.ts","menu","Route Handler"
"src/app/api/v1/public/restaurants/[slug]/route.ts","restaurants","Route Handler"
"src/app/api/v1/public/restaurants/search/route.ts","restaurants","Route Handler"
"src/app/api/v1/push/expo/register/route.ts","notifications","Route Handler"
"src/app/api/v1/restaurateur/commandes/[id]/livraison/assignation/route.ts","deliveries","Route Handler"
"src/app/api/v1/restaurateur/commandes/[id]/route.ts","orders","Route Handler"
"src/app/api/v1/restaurateur/commandes/[id]/statut/route.ts","orders","Route Handler"
"src/app/api/v1/restaurateur/commandes/route.ts","orders","Route Handler"
"src/app/api/v1/restaurateur/livreurs/[id]/acces/route.ts","deliveries","Route Handler"
"src/app/api/v1/restaurateur/livreurs/[id]/desactivation/route.ts","deliveries","Route Handler"
"src/app/api/v1/restaurateur/livreurs/[id]/remises-especes/route.ts","deliveries","Route Handler"
"src/app/api/v1/restaurateur/livreurs/[id]/remunerations/route.ts","deliveries","Route Handler"
"src/app/api/v1/restaurateur/livreurs/[id]/route.ts","deliveries","Route Handler"
"src/app/api/v1/restaurateur/livreurs/route.ts","deliveries","Route Handler"
"src/app/api/v1/restaurateur/plats/route.ts","menu","Route Handler"
"src/app/api/v1/restaurateur/stats/route.ts","orders / restaurants","Route Handler"
"src/app/api/webhooks/paystack/route.ts","transactions","Route Handler"
"src/app/layout.tsx","présentation / plateforme","surface App Router"
"src/app/livreur/page.tsx","deliveries","surface App Router"
"src/app/not-found.tsx","présentation / plateforme","surface App Router"
"src/app/onboarding/actions.ts","partners","Server Actions / actions legacy"
"src/app/onboarding/ActivityChoice.tsx","partners","support / autre"
"src/app/onboarding/OnboardingClient.tsx","partners","support / autre"
"src/app/onboarding/page.tsx","partners","surface App Router"
"src/app/page.tsx","présentation / plateforme","surface App Router"
"src/app/robots.ts","présentation / plateforme","support / autre"
"src/app/sitemap.ts","présentation / plateforme","support / autre"
"src/components/admin/abonnements/abonnes-table.tsx","subscriptions / quotas","présentation"
"src/components/admin/abonnements/catalogue-editor.tsx","subscriptions / quotas","présentation"
"src/components/admin/abonnements/catalogue-history.tsx","subscriptions / quotas","présentation"
"src/components/admin/abonnements/catalogue-plan-editor.tsx","subscriptions / quotas","présentation"
"src/components/admin/abonnements/catalogue-policy-editor.tsx","subscriptions / quotas","présentation"
"src/components/admin/abonnements/discovery-performance.tsx","subscriptions / quotas","présentation"
"src/components/admin/abonnements/subscription-history-table.tsx","subscriptions / quotas","présentation"
"src/components/admin/admin-accounts-manager.tsx","admin-accounts","présentation"
"src/components/admin/admin-navbar.tsx","shared/ui admin","présentation"
"src/components/admin/admin-sidebar.tsx","shared/ui admin","présentation"
"src/components/admin/admin-subscription-requests-table.tsx","subscriptions / quotas","présentation"
"src/components/admin/audit-admin-filters.tsx","audit","présentation"
"src/components/admin/audit-admin-table.tsx","audit","présentation"
"src/components/admin/commande-items-admin-table.tsx","orders","présentation"
"src/components/admin/commandes-admin-filters.tsx","orders","présentation"
"src/components/admin/commandes-admin-table.tsx","orders","présentation"
"src/components/admin/commission-payment-button.tsx","commissions","présentation"
"src/components/admin/commission-policy-form.tsx","commissions","présentation"
"src/components/admin/commissions-admin-filters.tsx","commissions","présentation"
"src/components/admin/commissions-admin-tables.tsx","commissions","présentation"
"src/components/admin/identity-review-panel.tsx","identity","présentation"
"src/components/admin/paystack-provider-account-card.tsx","transactions","présentation"
"src/components/admin/residence-review-panel.tsx","residences","présentation"
"src/components/admin/restaurant-detail-admin.tsx","restaurants","présentation"
"src/components/admin/restaurants-admin-table.tsx","restaurants","présentation"
"src/components/admin/service-market-admin.tsx","service-markets","présentation"
"src/components/admin/service-market-boundary-map.tsx","service-markets","présentation"
"src/components/admin/ui/admin-page.tsx","shared/ui admin","présentation"
"src/components/admin/ui/empty-state.tsx","shared/ui admin","présentation"
"src/components/admin/ui/page-header.tsx","shared/ui admin","présentation"
"src/components/admin/ui/stat-card.tsx","shared/ui admin","présentation"
"src/components/admin/ui/status-badge.tsx","shared/ui admin","présentation"
"src/components/admin/users-admin-table.tsx","admin-accounts","présentation"
"src/components/auth/auth-layout.tsx","auth / partners / clients / deliveries","présentation"
"src/components/auth/login-visual-panel.tsx","auth / partners / clients / deliveries","présentation"
"src/components/auth/restaurateur-login-form.tsx","auth / partners / clients / deliveries","présentation"
"src/components/auth/restaurateur-register-form.tsx","auth / partners / clients / deliveries","présentation"
"src/components/client-app/adresse-livraison-picker.tsx","deliveries","présentation"
"src/components/client-app/client-auth-shell.tsx","clients","présentation"
"src/components/client-app/client-delivery-panel.tsx","deliveries","présentation"
"src/components/client-app/client-login-form.tsx","clients","présentation"
"src/components/client-app/client-register-form.tsx","clients","présentation"
"src/components/client-app/client-top-bar.tsx","clients","présentation"
"src/components/client-app/panier-flottant.tsx","orders","présentation"
"src/components/client-app/restaurant-bottom-sheet.tsx","restaurants","présentation"
"src/components/client-app/restaurant-map.tsx","restaurants","présentation"
"src/components/dashboard/commandes/client-info.tsx","orders","présentation"
"src/components/dashboard/commandes/commande-details-page-client.tsx","orders","présentation"
"src/components/dashboard/commandes/commandes-page-client.tsx","orders","présentation"
"src/components/dashboard/commandes/delivery-map.tsx","deliveries","présentation"
"src/components/dashboard/commandes/driver-info.tsx","orders","présentation"
"src/components/dashboard/commandes/footer.tsx","orders","présentation"
"src/components/dashboard/commandes/map-commande-to-details.ts","orders","présentation"
"src/components/dashboard/commandes/map-commande-to-order.ts","orders","présentation"
"src/components/dashboard/commandes/order-card.tsx","orders","présentation"
"src/components/dashboard/commandes/order-details-header.tsx","orders","présentation"
"src/components/dashboard/commandes/order-filters.tsx","orders","présentation"
"src/components/dashboard/commandes/order-items-table.tsx","orders","présentation"
"src/components/dashboard/commandes/order-status-control.tsx","orders","présentation"
"src/components/dashboard/commandes/order-tracking.tsx","orders","présentation"
"src/components/dashboard/commandes/receipt-print-content.tsx","orders","présentation"
"src/components/dashboard/commandes/skeletons.tsx","orders","présentation"
"src/components/dashboard/layout/dashboard-realtime-provider.tsx","shared/ui dashboard","présentation"
"src/components/dashboard/layout/footer.tsx","shared/ui dashboard","présentation"
"src/components/dashboard/layout/header.tsx","shared/ui dashboard","présentation"
"src/components/dashboard/layout/navbar.tsx","shared/ui dashboard","présentation"
"src/components/dashboard/layout/sidebar.tsx","shared/ui dashboard","présentation"
"src/components/dashboard/livreurs/fleet-page-client.tsx","deliveries","présentation"
"src/components/dashboard/menu/category-organizer-dialog.tsx","menu","présentation"
"src/components/dashboard/menu/delete-plat-dialog.tsx","menu","présentation"
"src/components/dashboard/menu/menu-card.tsx","menu","présentation"
"src/components/dashboard/menu/menu-filters.tsx","menu","présentation"
"src/components/dashboard/menu/menu-form-new.tsx","menu","présentation"
"src/components/dashboard/menu/menu-info-panel.tsx","menu","présentation"
"src/components/dashboard/menu/menu-manager.tsx","menu","présentation"
"src/components/dashboard/menu/plat-edit-dialog.tsx","menu","présentation"
"src/components/dashboard/menu/plat-stats-panel.tsx","menu","présentation"
"src/components/dashboard/menu/similar-dishes.tsx","menu","présentation"
"src/components/dashboard/menu/skeletons.tsx","menu","présentation"
"src/components/dashboard/menu/wizard/StepApercu.tsx","menu","présentation"
"src/components/dashboard/menu/wizard/StepCategorie.tsx","menu","présentation"
"src/components/dashboard/menu/wizard/StepInfo.tsx","menu","présentation"
"src/components/dashboard/menu/wizard/types.ts","menu","présentation"
"src/components/dashboard/notifications-client.tsx","notifications","présentation"
"src/components/dashboard/notifications/notifications-provider.tsx","notifications","présentation"
"src/components/dashboard/pagination.tsx","shared/ui pagination","présentation"
"src/components/dashboard/profil/formulaire-profil.tsx","clients","présentation"
"src/components/dashboard/profil/opening-hours-manager.tsx","clients","présentation"
"src/components/dashboard/profil/restaurant-location-picker.tsx","restaurants","présentation"
"src/components/dashboard/restaurant-validation-status.tsx","restaurants","présentation"
"src/components/dashboard/stats/chart-layout.ts","orders / analytics","présentation"
"src/components/dashboard/stats/dashboard-data.ts","orders / analytics","présentation"
"src/components/dashboard/stats/dashboard-secondary-sections.tsx","orders / analytics","présentation"
"src/components/dashboard/stats/order-types.tsx","orders / analytics","présentation"
"src/components/dashboard/stats/orders-overview.tsx","orders / analytics","présentation"
"src/components/dashboard/stats/recent-activity.tsx","orders / analytics","présentation"
"src/components/dashboard/stats/recent-orders-section.tsx","orders / analytics","présentation"
"src/components/dashboard/stats/recent-orders.tsx","orders / analytics","présentation"
"src/components/dashboard/stats/revenue-chart.tsx","orders / analytics","présentation"
"src/components/dashboard/stats/revenue-section.tsx","orders / analytics","présentation"
"src/components/dashboard/stats/skeletons.tsx","orders / analytics","présentation"
"src/components/dashboard/stats/stats-cards.tsx","orders / analytics","présentation"
"src/components/dashboard/stats/stats-section.tsx","orders / analytics","présentation"
"src/components/dashboard/stats/stats-shell.tsx","orders / analytics","présentation"
"src/components/dashboard/stats/top-categories.tsx","orders / analytics","présentation"
"src/components/dashboard/stats/trending-menus.tsx","orders / analytics","présentation"
"src/components/dashboard/stats/trending-section.tsx","orders / analytics","présentation"
"src/components/driver-app/driver-app.tsx","deliveries","présentation"
"src/components/identity/identity-verification-form.tsx","identity","présentation"
"src/components/kokonutui/team-selector.tsx","residences (composant à remplacer)","présentation"
"src/components/landing/components/AboutPlatform.tsx","presentation transverse / domaine de la route","présentation"
"src/components/landing/components/animated-glassy-pricing.tsx","presentation transverse / domaine de la route","présentation"
"src/components/landing/components/BackgroundDecoration.tsx","presentation transverse / domaine de la route","présentation"
"src/components/landing/components/Benefits.tsx","presentation transverse / domaine de la route","présentation"
"src/components/landing/components/BlurText.tsx","presentation transverse / domaine de la route","présentation"
"src/components/landing/components/ClickSpark.tsx","presentation transverse / domaine de la route","présentation"
"src/components/landing/components/CTA.tsx","presentation transverse / domaine de la route","présentation"
"src/components/landing/components/CurvedLoop.tsx","presentation transverse / domaine de la route","présentation"
"src/components/landing/components/DashboardShowcase.tsx","presentation transverse / domaine de la route","présentation"
"src/components/landing/components/FeatureGrid.tsx","presentation transverse / domaine de la route","présentation"
"src/components/landing/components/Footer.tsx","presentation transverse / domaine de la route","présentation"
"src/components/landing/components/Hero.tsx","presentation transverse / domaine de la route","présentation"
"src/components/landing/components/InteractiveDashboard.tsx","presentation transverse / domaine de la route","présentation"
"src/components/landing/components/LogoLoop.tsx","presentation transverse / domaine de la route","présentation"
"src/components/landing/components/Magnet.tsx","presentation transverse / domaine de la route","présentation"
"src/components/landing/components/Navbar.tsx","presentation transverse / domaine de la route","présentation"
"src/components/landing/components/PixelCard.tsx","presentation transverse / domaine de la route","présentation"
"src/components/landing/components/Pricing.tsx","presentation transverse / domaine de la route","présentation"
"src/components/landing/components/ScrollStack.tsx","presentation transverse / domaine de la route","présentation"
"src/components/landing/components/ShapeGrid.tsx","presentation transverse / domaine de la route","présentation"
"src/components/landing/components/StaggeredMenu.tsx","presentation transverse / domaine de la route","présentation"
"src/components/landing/components/Testimonials.tsx","presentation transverse / domaine de la route","présentation"
"src/components/landing/components/TrustedBy.tsx","presentation transverse / domaine de la route","présentation"
"src/components/landing/components/VariableProximity.tsx","presentation transverse / domaine de la route","présentation"
"src/components/landing/data.test.ts","presentation transverse / domaine de la route","présentation"
"src/components/landing/data.ts","presentation transverse / domaine de la route","présentation"
"src/components/landing/ui/Beams.tsx","presentation transverse / domaine de la route","présentation"
"src/components/landing/ui/demo.tsx","presentation transverse / domaine de la route","présentation"
"src/components/landing/ui/hover-footer.tsx","presentation transverse / domaine de la route","présentation"
"src/components/landing/ui/multi-type-ripple-buttons.tsx","presentation transverse / domaine de la route","présentation"
"src/components/legal/legal-page.tsx","presentation transverse / domaine de la route","présentation"
"src/components/motion/animated-badge.tsx","shared","présentation"
"src/components/motion/animated-number.tsx","shared","présentation"
"src/components/motion/availability-scheduler/copy-menu.tsx","menu","présentation"
"src/components/motion/availability-scheduler/day-row.tsx","shared","présentation"
"src/components/motion/availability-scheduler/icon-button.tsx","shared","présentation"
"src/components/motion/availability-scheduler/index.tsx","shared","présentation"
"src/components/motion/availability-scheduler/time-select.tsx","shared","présentation"
"src/components/motion/availability-scheduler/types.ts","shared","présentation"
"src/components/motion/center-morph-modal.tsx","shared","présentation"
"src/components/motion/checkbox.tsx","shared","présentation"
"src/components/motion/drawer.tsx","shared","présentation"
"src/components/motion/input.tsx","shared","présentation"
"src/components/motion/loader.tsx","shared","présentation"
"src/components/motion/popover-morph.tsx","shared","présentation"
"src/components/motion/range-slider.tsx","shared","présentation"
"src/components/motion/select.tsx","shared","présentation"
"src/components/motion/stateful-button.tsx","shared","présentation"
"src/components/motion/switch.tsx","shared","présentation"
"src/components/motion/table/editable-cell.tsx","shared","présentation"
"src/components/motion/table/index.tsx","shared","présentation"
"src/components/motion/table/row-handle.tsx","shared","présentation"
"src/components/motion/table/skeleton-rows.tsx","shared","présentation"
"src/components/motion/table/table-header.tsx","shared","présentation"
"src/components/motion/table/table-menu.tsx","menu","présentation"
"src/components/motion/table/types.ts","shared","présentation"
"src/components/motion/table/use-column-reorder.ts","orders","présentation"
"src/components/motion/table/use-column-resize.ts","shared","présentation"
"src/components/motion/table/use-column-sort.ts","shared","présentation"
"src/components/motion/table/use-row-selection.ts","shared","présentation"
"src/components/motion/table/utils.ts","shared","présentation"
"src/components/motion/tabs.tsx","shared","présentation"
"src/components/motion/text-reveal.tsx","shared","présentation"
"src/components/motion/tooltip.tsx","shared","présentation"
"src/components/offline-provider.tsx","shared / infrastructure UI","présentation"
"src/components/offline-screen.tsx","shared / infrastructure UI","présentation"
"src/components/onboarding/DashboardView.tsx","partners","présentation"
"src/components/onboarding/InteractiveMap.tsx","partners","présentation"
"src/components/onboarding/Sidebar.tsx","partners","présentation"
"src/components/onboarding/StepAddress.tsx","partners","présentation"
"src/components/onboarding/StepGeneral.tsx","partners","présentation"
"src/components/onboarding/StepMenu.tsx","partners","présentation"
"src/components/onboarding/StepOverview.tsx","partners","présentation"
"src/components/onboarding/StepSchedule.tsx","partners","présentation"
"src/components/onboarding/StepSettings.tsx","partners","présentation"
"src/components/onboarding/StepSocials.tsx","partners","présentation"
"src/components/onboarding/types.ts","partners","présentation"
"src/components/partner/partner-navigation.tsx","partners","présentation"
"src/components/partner/partner-reservations-workspace.tsx","residences","présentation"
"src/components/partner/residence-calendar-manager.tsx","residences","présentation"
"src/components/Providers.tsx","shared / infrastructure UI","présentation"
"src/components/public-page/about-us.tsx","presentation transverse / domaine de la route","présentation"
"src/components/public-page/footer.tsx","presentation transverse / domaine de la route","présentation"
"src/components/public-page/gallery-section.tsx","presentation transverse / domaine de la route","présentation"
"src/components/public-page/hero.tsx","presentation transverse / domaine de la route","présentation"
"src/components/public-page/main.tsx","presentation transverse / domaine de la route","présentation"
"src/components/public-page/menu-modal.tsx","menu","présentation"
"src/components/public-page/navbar.tsx","presentation transverse / domaine de la route","présentation"
"src/components/public-page/practical-details.tsx","presentation transverse / domaine de la route","présentation"
"src/components/public-page/practical-info.tsx","presentation transverse / domaine de la route","présentation"
"src/components/public-page/reserve-modal.tsx","presentation transverse / domaine de la route","présentation"
"src/components/public-page/reviews-section.tsx","presentation transverse / domaine de la route","présentation"
"src/components/residences/public-residence-card.tsx","residences","présentation"
"src/components/residences/public-residence-header.tsx","residences","présentation"
"src/components/residences/public-residence-search.tsx","residences","présentation"
"src/components/residences/residence-booking-card.tsx","residences","présentation"
"src/components/residences/residence-date-range-picker.tsx","residences","présentation"
"src/components/residences/residence-form.tsx","residences","présentation"
"src/components/residences/residence-location-picker.tsx","residences","présentation"
"src/components/residences/residence-onboarding-wizard.tsx","residences","présentation"
"src/components/residences/residence-publication-controls.tsx","residences","présentation"
"src/components/restaurateur/pay-commission-debt.tsx","commissions","présentation"
"src/components/restaurateur/restaurateur-subscription-button.tsx","subscriptions / quotas","présentation"
"src/components/restaurateur/resume-subscription-payment.tsx","subscriptions / quotas","présentation"
"src/components/shared/avatar-fallback.tsx","shared","présentation"
"src/components/shared/logout-confirmation-dialog.tsx","shared","présentation"
"src/components/types.ts","shared candidate","présentation"
"src/components/ui/alert-dialog.tsx","shared","présentation"
"src/components/ui/alert.tsx","shared","présentation"
"src/components/ui/app-logo.tsx","shared","présentation"
"src/components/ui/avatar.tsx","shared","présentation"
"src/components/ui/badge.tsx","shared","présentation"
"src/components/ui/button.tsx","shared","présentation"
"src/components/ui/calendar.tsx","shared","présentation"
"src/components/ui/card-hover-effect.tsx","shared","présentation"
"src/components/ui/card.tsx","shared","présentation"
"src/components/ui/checkbox.tsx","shared","présentation"
"src/components/ui/date-picker.tsx","shared","présentation"
"src/components/ui/dialog.tsx","shared","présentation"
"src/components/ui/dropdown-menu.tsx","menu","présentation"
"src/components/ui/field.tsx","shared","présentation"
"src/components/ui/form.tsx","shared","présentation"
"src/components/ui/input.tsx","shared","présentation"
"src/components/ui/label.tsx","shared","présentation"
"src/components/ui/map-lifecycle.test.ts","shared","présentation"
"src/components/ui/map-lifecycle.ts","shared","présentation"
"src/components/ui/map.tsx","shared","présentation"
"src/components/ui/popover.tsx","shared","présentation"
"src/components/ui/progress.tsx","shared","présentation"
"src/components/ui/radio-group.tsx","shared","présentation"
"src/components/ui/select.tsx","shared","présentation"
"src/components/ui/separator.tsx","shared","présentation"
"src/components/ui/sheet.tsx","shared","présentation"
"src/components/ui/skeleton.tsx","shared","présentation"
"src/components/ui/sonner.tsx","shared","présentation"
"src/components/ui/switch.tsx","shared","présentation"
"src/components/ui/table.tsx","shared","présentation"
"src/components/ui/tabs.tsx","shared","présentation"
"src/components/ui/textarea.tsx","shared","présentation"
"src/components/ui/tooltip.tsx","shared","présentation"
"src/hooks/use-commandes-stream.ts","orders","support / autre"
"src/hooks/use-online-status.ts","shared / infrastructure UI","support / autre"
"src/hooks/use-web-push.ts","notifications","support / autre"
"src/infrastructure/auth/driver-tokens.ts","auth / partners / clients / deliveries","support / autre"
"src/infrastructure/auth/session-revocation.ts","auth / partners / clients / deliveries","support / autre"
"src/infrastructure/db/index.ts","infrastructure","support / autre"
"src/infrastructure/logger/index.ts","infrastructure","support / autre"
"src/infrastructure/paystack/gateway.ts","infrastructure","support / autre"
"src/infrastructure/paystack/mapper.ts","infrastructure","support / autre"
"src/infrastructure/paystack/paystack.test.ts","infrastructure","test"
"src/infrastructure/paystack/signature.ts","infrastructure","support / autre"
"src/infrastructure/queue/identity-document-scan.ts","identity","support / autre"
"src/infrastructure/security/clamav-result.test.ts","infrastructure","test"
"src/infrastructure/security/clamav-result.ts","infrastructure","support / autre"
"src/infrastructure/security/malware-scanner.ts","infrastructure","support / autre"
"src/infrastructure/security/vercel-sandbox-clamav.ts","infrastructure","support / autre"
"src/infrastructure/storage/private-identity.ts","identity","support / autre"
"src/lib/actions/admin-commissions.ts","commissions","support / autre"
"src/lib/actions/admin-provider-accounts.ts","transactions","support / autre"
"src/lib/actions/admin-restaurants.ts","restaurants","support / autre"
"src/lib/actions/admin-service-markets.ts","service-markets","support / autre"
"src/lib/actions/admin-subscriptions.ts","subscriptions / quotas","support / autre"
"src/lib/actions/admin-users.ts","admin-accounts","support / autre"
"src/lib/actions/commandes.ts","orders","support / autre"
"src/lib/actions/menu.ts","menu","support / autre"
"src/lib/actions/onboarding.ts","partners","support / autre"
"src/lib/actions/partner-payments.ts","partners","support / autre"
"src/lib/actions/partner-subscriptions.ts","subscriptions / quotas","support / autre"
"src/lib/actions/restaurant.ts","restaurants","support / autre"
"src/lib/api/auth-admin.ts","auth / partners / clients / deliveries","support / autre"
"src/lib/api/auth-client.ts","auth / partners / clients / deliveries","support / autre"
"src/lib/api/auth-driver.ts","auth / partners / clients / deliveries","support / autre"
"src/lib/api/auth-mobile.ts","auth / partners / clients / deliveries","support / autre"
"src/lib/api/client-ip.ts","infrastructure API","support / autre"
"src/lib/api/client-session-cookie.test.ts","auth / partners / clients / deliveries","test"
"src/lib/api/client-session-cookie.ts","auth / partners / clients / deliveries","support / autre"
"src/lib/api/client-token-transport.test.ts","auth / partners / clients / deliveries","test"
"src/lib/api/client-token-transport.ts","auth / partners / clients / deliveries","support / autre"
"src/lib/api/delivery-response.ts","deliveries","support / autre"
"src/lib/api/driver-session-cookie.test.ts","auth / partners / clients / deliveries","test"
"src/lib/api/driver-session-cookie.ts","auth / partners / clients / deliveries","support / autre"
"src/lib/api/driver-token-transport.test.ts","auth / partners / clients / deliveries","test"
"src/lib/api/driver-token-transport.ts","auth / partners / clients / deliveries","support / autre"
"src/lib/api/openapi-v1.test.ts","infrastructure API","test"
"src/lib/api/openapi-v1.ts","infrastructure API","support / autre"
"src/lib/api/request-size.ts","infrastructure API","support / autre"
"src/lib/api/response.ts","infrastructure API","support / autre"
"src/lib/api/sse-concurrency.ts","notifications","support / autre"
"src/lib/api/token-blacklist.ts","auth / partners / clients / deliveries","support / autre"
"src/lib/api/validate.ts","infrastructure API","support / autre"
"src/lib/audit.ts","audit","support / autre"
"src/lib/auth/admin-mfa.test.ts","auth / partners / clients / deliveries","test"
"src/lib/auth/admin-mfa.ts","auth / partners / clients / deliveries","support / autre"
"src/lib/auth/get-admin-session.ts","auth / partners / clients / deliveries","support / autre"
"src/lib/auth/get-restaurateur-session.ts","auth / partners / clients / deliveries","support / autre"
"src/lib/auth/index.ts","auth / partners / clients / deliveries","support / autre"
"src/lib/auth/partner-account-policy.test.ts","auth / partners / clients / deliveries","test"
"src/lib/auth/partner-account-policy.ts","auth / partners / clients / deliveries","support / autre"
"src/lib/auth/partner-account.ts","auth / partners / clients / deliveries","support / autre"
"src/lib/auth/tokens.test.ts","auth / partners / clients / deliveries","test"
"src/lib/auth/tokens.ts","auth / partners / clients / deliveries","support / autre"
"src/lib/auth/totp.test.ts","auth / partners / clients / deliveries","test"
"src/lib/auth/totp.ts","auth / partners / clients / deliveries","support / autre"
"src/lib/cache/index.test.ts","infrastructure","test"
"src/lib/cache/index.ts","infrastructure","support / autre"
"src/lib/cache/keys.ts","infrastructure","support / autre"
"src/lib/cache/redis.ts","infrastructure","support / autre"
"src/lib/client-app/api-client.ts","clients","support / autre"
"src/lib/client-app/client-memory-cache.ts","clients","support / autre"
"src/lib/client-app/hooks/use-commande-tracking.ts","orders","support / autre"
"src/lib/client-app/hooks/use-debounce.ts","clients","support / autre"
"src/lib/client-app/hooks/use-geolocation.ts","service-markets","support / autre"
"src/lib/client-app/hooks/use-init-auth.ts","clients","support / autre"
"src/lib/client-app/hooks/use-panier-restaurant.ts","orders","support / autre"
"src/lib/client-app/hooks/use-require-auth.ts","clients","support / autre"
"src/lib/client-app/hooks/use-restaurant-detail.ts","restaurants","support / autre"
"src/lib/client-app/hooks/use-restaurant-menu.ts","menu","support / autre"
"src/lib/client-app/hooks/use-restaurants-proches.ts","restaurants","support / autre"
"src/lib/client-app/location-context.ts","clients","support / autre"
"src/lib/client-app/map-config.ts","clients","support / autre"
"src/lib/client-app/navigation.ts","clients","support / autre"
"src/lib/client-app/stores/auth-store.ts","clients","support / autre"
"src/lib/client-app/stores/panier-store.ts","orders","support / autre"
"src/lib/commissions/ledger.ts","commissions","support / autre"
"src/lib/commissions/policy.test.ts","commissions","test"
"src/lib/commissions/policy.ts","commissions","support / autre"
"src/lib/config/admin-workflows.ts","projection admin transverse","support / autre"
"src/lib/config/commande-status.ts","orders","support / autre"
"src/lib/config/dashboard-routes.ts","shared/ui navigation","support / autre"
"src/lib/config/pagination.ts","shared/ui navigation","support / autre"
"src/lib/cron-auth.test.ts","auth / partners / clients / deliveries","test"
"src/lib/cron-auth.ts","auth / partners / clients / deliveries","support / autre"
"src/lib/db/commandes-mutations.ts","orders","support / autre"
"src/lib/db/index.ts","infrastructure DB legacy","support / autre"
"src/lib/db/like.ts","infrastructure DB legacy","support / autre"
"src/lib/db/mutations-admin.ts","infrastructure DB legacy","support / autre"
"src/lib/db/mutations.ts","infrastructure DB legacy","support / autre"
"src/lib/db/queries-admin.ts","infrastructure DB legacy","support / autre"
"src/lib/db/queries.ts","infrastructure DB legacy","support / autre"
"src/lib/db/read-retry.ts","infrastructure DB legacy","support / autre"
"src/lib/db/schema.ts","infrastructure DB legacy","support / autre"
"src/lib/db/seed.ts","infrastructure DB legacy","support / autre"
"src/lib/db/transaction.ts","infrastructure DB legacy","support / autre"
"src/lib/db/types.test.ts","infrastructure DB legacy","test"
"src/lib/db/types.ts","infrastructure DB legacy","support / autre"
"src/lib/driver-app/api-client.ts","deliveries","support / autre"
"src/lib/ease.ts","shared interaction candidate","support / autre"
"src/lib/env.ts","infrastructure","support / autre"
"src/lib/geo/index.ts","service-markets","support / autre"
"src/lib/hooks/use-hover-capable.ts","shared","support / autre"
"src/lib/hooks/use-slider.ts","shared","support / autre"
"src/lib/logger.ts","infrastructure","support / autre"
"src/lib/loggers.ts","infrastructure","support / autre"
"src/lib/media/image.test.ts","media","test"
"src/lib/media/image.ts","media","support / autre"
"src/lib/menu/default-categories.ts","menu","support / autre"
"src/lib/money.test.ts","shared/money","test"
"src/lib/money.ts","shared/money","support / autre"
"src/lib/notifications/index.ts","notifications","support / autre"
"src/lib/notifications/web-push-endpoint.test.ts","notifications","test"
"src/lib/notifications/web-push-endpoint.ts","notifications","support / autre"
"src/lib/onboarding/settings.ts","partners","support / autre"
"src/lib/orders/provider-confirmation.ts","orders","support / autre"
"src/lib/orders/restaurant-order-effects.ts","orders","support / autre"
"src/lib/orders/restaurant-order-intent.ts","orders","support / autre"
"src/lib/orders/restaurant-order.test.ts","orders","test"
"src/lib/orders/restaurant-order.ts","orders","support / autre"
"src/lib/quota-entitlements.ts","subscriptions / quotas","support / autre"
"src/lib/quota-selection.test.ts","subscriptions / quotas","test"
"src/lib/quota-selection.ts","subscriptions / quotas","support / autre"
"src/lib/r2.ts","media","support / autre"
"src/lib/rate-limit.ts","infrastructure","support / autre"
"src/lib/realtime/pubsub.ts","notifications","support / autre"
"src/lib/realtime/sse-payloads.ts","notifications","support / autre"
"src/lib/realtime/sse-push.ts","notifications","support / autre"
"src/lib/restaurants/policy.test.ts","restaurants","test"
"src/lib/restaurants/policy.ts","restaurants","support / autre"
"src/lib/restaurants/public-dto.test.ts","restaurants","test"
"src/lib/restaurants/public-dto.ts","restaurants","support / autre"
"src/lib/security/identifier.ts","auth / shared security","support / autre"
"src/lib/subscription-plans.ts","subscriptions / quotas","support / autre"
"src/lib/subscription-policy.test.ts","subscriptions / quotas","test"
"src/lib/subscription-policy.ts","subscriptions / quotas","support / autre"
"src/lib/touch.ts","shared interaction candidate","support / autre"
"src/lib/utils.ts","shared","support / autre"
"src/lib/utils/creneaux.test.ts","shared","test"
"src/lib/utils/creneaux.ts","shared","support / autre"
"src/lib/utils/format.ts","shared","support / autre"
"src/lib/utils/geo-client.ts","service-markets","support / autre"
"src/lib/validations/auth.ts","auth / partners / clients / deliveries","support / autre"
"src/lib/validations/commande.ts","orders","support / autre"
"src/lib/validations/plat.ts","menu","support / autre"
"src/lib/validations/restaurant-order.test.ts","orders","test"
"src/lib/validations/restaurant-order.ts","orders","support / autre"
"src/lib/validations/restaurant.ts","restaurants","support / autre"
"src/modules/admin-accounts/_internal/persistence.ts","admin-accounts","implémentation privée"
"src/modules/admin-accounts/contracts.ts","admin-accounts","contrats"
"src/modules/admin-accounts/model.ts","admin-accounts","modèle"
"src/modules/admin-accounts/server.ts","admin-accounts","surface serveur"
"src/modules/commissions/_internal/persistence.ts","commissions","implémentation privée"
"src/modules/commissions/contracts.ts","commissions","contrats"
"src/modules/commissions/model.ts","commissions","modèle"
"src/modules/commissions/server.ts","commissions","surface serveur"
"src/modules/deliveries/_internal/auth.ts","deliveries","implémentation privée"
"src/modules/deliveries/_internal/persistence.ts","deliveries","implémentation privée"
"src/modules/deliveries/_internal/projections.ts","deliveries","implémentation privée"
"src/modules/deliveries/_internal/proof.test.ts","deliveries","implémentation privée"
"src/modules/deliveries/_internal/proof.ts","deliveries","implémentation privée"
"src/modules/deliveries/_internal/workflow.ts","deliveries","implémentation privée"
"src/modules/deliveries/contracts.test.ts","deliveries","test"
"src/modules/deliveries/contracts.ts","deliveries","contrats"
"src/modules/deliveries/model.test.ts","deliveries","test"
"src/modules/deliveries/model.ts","deliveries","modèle"
"src/modules/deliveries/server.ts","deliveries","surface serveur"
"src/modules/discovery/_internal/attribution.ts","discovery","implémentation privée"
"src/modules/discovery/contracts.ts","discovery","contrats"
"src/modules/discovery/model.ts","discovery","modèle"
"src/modules/discovery/ranking.ts","discovery","support / autre"
"src/modules/discovery/server.ts","discovery","surface serveur"
"src/modules/identity/_internal/document-validation.test.ts","identity","implémentation privée"
"src/modules/identity/_internal/document-validation.ts","identity","implémentation privée"
"src/modules/identity/_internal/persistence.ts","identity","implémentation privée"
"src/modules/identity/contracts.test.ts","identity","test"
"src/modules/identity/contracts.ts","identity","contrats"
"src/modules/identity/model.test.ts","identity","test"
"src/modules/identity/model.ts","identity","modèle"
"src/modules/identity/presentation/identity-status-badge.tsx","identity","présentation"
"src/modules/identity/server.ts","identity","surface serveur"
"src/modules/notifications/contracts.test.ts","notifications","test"
"src/modules/notifications/contracts.ts","notifications","contrats"
"src/modules/notifications/server.ts","notifications","surface serveur"
"src/modules/orders/_internal/geography.test.ts","orders","implémentation privée"
"src/modules/orders/_internal/geography.ts","orders","implémentation privée"
"src/modules/orders/contracts.ts","orders","contrats"
"src/modules/orders/model.ts","orders","modèle"
"src/modules/orders/server.ts","orders","surface serveur"
"src/modules/partners/_internal/persistence.ts","partners","implémentation privée"
"src/modules/partners/contracts.ts","partners","contrats"
"src/modules/partners/model.ts","partners","modèle"
"src/modules/partners/server.ts","partners","surface serveur"
"src/modules/quotas/model.test.ts","quotas","test"
"src/modules/quotas/model.ts","quotas","modèle"
"src/modules/quotas/server.ts","quotas","surface serveur"
"src/modules/residences/_internal/bookings.ts","residences","implémentation privée"
"src/modules/residences/_internal/persistence.ts","residences","implémentation privée"
"src/modules/residences/_internal/search.ts","residences","implémentation privée"
"src/modules/residences/contracts.ts","residences","contrats"
"src/modules/residences/model.test.ts","residences","test"
"src/modules/residences/model.ts","residences","modèle"
"src/modules/residences/payment-lifecycle.ts","residences","support / autre"
"src/modules/residences/presentation.ts","residences","support / autre"
"src/modules/residences/presentation/residence-publication-status.tsx","residences","présentation"
"src/modules/residences/presentation/residence-status-badge.tsx","residences","présentation"
"src/modules/residences/server.ts","residences","surface serveur"
"src/modules/restaurants/_internal/access.ts","restaurants","implémentation privée"
"src/modules/restaurants/_internal/change-location.ts","restaurants","implémentation privée"
"src/modules/restaurants/_internal/location.ts","restaurants","implémentation privée"
"src/modules/restaurants/_internal/search.ts","restaurants","implémentation privée"
"src/modules/restaurants/contracts.ts","restaurants","contrats"
"src/modules/restaurants/model.test.ts","restaurants","test"
"src/modules/restaurants/model.ts","restaurants","modèle"
"src/modules/restaurants/server.ts","restaurants","surface serveur"
"src/modules/service-markets/_internal/administration.ts","service-markets","implémentation privée"
"src/modules/service-markets/_internal/capabilities.ts","service-markets","implémentation privée"
"src/modules/service-markets/_internal/persistence.test.ts","service-markets","implémentation privée"
"src/modules/service-markets/_internal/persistence.ts","service-markets","implémentation privée"
"src/modules/service-markets/_internal/resolution.ts","service-markets","implémentation privée"
"src/modules/service-markets/contracts.test.ts","service-markets","test"
"src/modules/service-markets/contracts.ts","service-markets","contrats"
"src/modules/service-markets/model.test.ts","service-markets","test"
"src/modules/service-markets/model.ts","service-markets","modèle"
"src/modules/service-markets/server.ts","service-markets","surface serveur"
"src/modules/subscriptions/_internal/catalogue.ts","subscriptions","implémentation privée"
"src/modules/subscriptions/contracts.test.ts","subscriptions","test"
"src/modules/subscriptions/contracts.ts","subscriptions","contrats"
"src/modules/subscriptions/model.ts","subscriptions","modèle"
"src/modules/subscriptions/server.integration.test.ts","subscriptions","test"
"src/modules/subscriptions/server.ts","subscriptions","surface serveur"
"src/modules/transactions/_internal/persistence.ts","transactions","implémentation privée"
"src/modules/transactions/contracts.ts","transactions","contrats"
"src/modules/transactions/model.test.ts","transactions","test"
"src/modules/transactions/model.ts","transactions","modèle"
"src/modules/transactions/payment-return.test.ts","transactions","test"
"src/modules/transactions/payment-return.ts","transactions","support / autre"
"src/modules/transactions/payment-service.ts","transactions","support / autre"
"src/modules/transactions/provider-accounts.ts","transactions","support / autre"
"src/modules/transactions/server.ts","transactions","surface serveur"
"src/proxy.ts","auth / partners / clients / deliveries","support / autre"
"src/types/commandes.ts","shared types à dissoudre","support / autre"
"src/types/dashboard.ts","shared types à dissoudre","support / autre"
"src/types/index.ts","shared types à dissoudre","support / autre"
"src/types/menu.ts","shared types à dissoudre","support / autre"
"tests/a15-command-transition-characterization.test.ts","à classer manuellement","test"
"tests/a15-db-invariants.test.ts","à classer manuellement","test"
"tests/a15-migration.test.ts","à classer manuellement","test"
"tests/admin-workflows.test.ts","à classer manuellement","test"
"tests/architecture/engine.test.ts","à classer manuellement","test"
"tests/architecture/engine.ts","à classer manuellement","test"
"tests/architecture/rules.ts","à classer manuellement","test"
"tests/architecture/rules/app-db.test.ts","à classer manuellement","test"
"tests/architecture/rules/module-boundaries.test.ts","à classer manuellement","test"
"tests/architecture/rules/server-client-boundary.test.ts","à classer manuellement","test"
"tests/client-memory-cache.test.ts","infrastructure","test"
"tests/client-navigation.test.ts","à classer manuellement","test"
"tests/commandes-status.test.ts","orders","test"
"tests/db-read-retry.test.ts","à classer manuellement","test"
"tests/default-menu-categories.test.ts","menu","test"
"tests/delivery-driver-compensation-migration.test.ts","deliveries","test"
"tests/delivery-driver-db.test.ts","deliveries","test"
"tests/delivery-driver-migration.test.ts","deliveries","test"
"tests/discovery-attribution.test.ts","à classer manuellement","test"
"tests/discovery-catalogue-migration.test.ts","à classer manuellement","test"
"tests/discovery-ranking.test.ts","à classer manuellement","test"
"tests/identity-kyc-migration.test.ts","identity","test"
"tests/paystack-db.test.ts","à classer manuellement","test"
"tests/paystack-migration.test.ts","à classer manuellement","test"
"tests/residence-booking-migration.test.ts","residences","test"
"tests/residence-booking-service-invariants.test.ts","residences","test"
"tests/residence-owner-reservation-contracts.test.ts","residences","test"
"tests/residence-public-search.test.ts","residences","test"
"tests/residence-registration-contract.test.ts","residences","test"
"tests/residence-subscription-catalogue.test.ts","subscriptions / quotas","test"
"tests/restaurant-discovery-integration.test.ts","restaurants","test"
"tests/restaurant-order-geography-integration.test.ts","orders","test"
"tests/server-only-stub.ts","à classer manuellement","test"
"tests/service-markets-db.test.ts","service-markets","test"
"tests/service-markets-migration.test.ts","service-markets","test"
"tests/service-markets-operations.test.ts","service-markets","test"
"tests/subscription-db-concurrency.test.ts","subscriptions / quotas","test"
"tests/subscription-discovery-catalogue-service.test.ts","subscriptions / quotas","test"
"tests/transactions-db.test.ts","à classer manuellement","test"
"tests/transactions-migration.test.ts","à classer manuellement","test"
