"file","target"
"src/app/(dashboard)/admin/a-traiter/page.tsx","@/lib/db/queries-admin"
"src/app/(dashboard)/admin/abonnements/page.tsx","@/lib/db"
"src/app/(dashboard)/admin/abonnements/page.tsx","@/lib/db/read-retry"
"src/app/(dashboard)/admin/abonnements/page.tsx","@/lib/db/schema"
"src/app/(dashboard)/admin/audit/page.tsx","@/lib/db/queries-admin"
"src/app/(dashboard)/admin/commandes/[id]/page.tsx","@/lib/db/queries-admin"
"src/app/(dashboard)/admin/commissions/page.tsx","@/lib/db/queries-admin"
"src/app/(dashboard)/admin/layout.tsx","@/lib/db/queries-admin"
"src/app/(dashboard)/admin/page.tsx","@/lib/db/queries-admin"
"src/app/(dashboard)/admin/parametres/page.tsx","@/lib/db"
"src/app/(dashboard)/admin/parametres/page.tsx","@/lib/db/read-retry"
"src/app/(dashboard)/admin/restaurants/[id]/page.tsx","@/lib/db/queries-admin"
"src/app/(dashboard)/admin/restaurants/[id]/page.tsx","@/lib/db/types"
"src/app/(dashboard)/admin/restaurants/page.tsx","@/lib/db/queries-admin"
"src/app/(dashboard)/admin/support/page.tsx","@/lib/db/queries-admin"
"src/app/(dashboard)/admin/support/page.tsx","@/lib/db/types"
"src/app/(dashboard)/admin/users/page.tsx","@/lib/db/queries-admin"
"src/app/(dashboard)/restaurateur/commandes/[id]/page.tsx","@/lib/db"
"src/app/(dashboard)/restaurateur/commandes/[id]/page.tsx","@/lib/db/schema"
"src/app/(dashboard)/restaurateur/commandes/page.tsx","@/lib/db"
"src/app/(dashboard)/restaurateur/commandes/page.tsx","@/lib/db/schema"
"src/app/(dashboard)/restaurateur/facturation/page.tsx","@/lib/db"
"src/app/(dashboard)/restaurateur/facturation/page.tsx","@/lib/db/schema"
"src/app/(dashboard)/restaurateur/layout.tsx","@/lib/db/queries"
"src/app/(dashboard)/restaurateur/menu/[id]/menu-detail-client.tsx","@/lib/db/types"
"src/app/(dashboard)/restaurateur/menu/[id]/page.tsx","@/lib/db/queries"
"src/app/(dashboard)/restaurateur/menu/[id]/page.tsx","@/lib/db"
"src/app/(dashboard)/restaurateur/menu/[id]/page.tsx","@/lib/db/schema"
"src/app/(dashboard)/restaurateur/menu/new/page.tsx","@/lib/db"
"src/app/(dashboard)/restaurateur/menu/new/page.tsx","@/lib/db/schema"
"src/app/(dashboard)/restaurateur/menu/page.tsx","@/lib/db"
"src/app/(dashboard)/restaurateur/menu/page.tsx","@/lib/db/queries"
"src/app/(dashboard)/restaurateur/menu/page.tsx","@/lib/db/schema"
"src/app/(dashboard)/restaurateur/profil/page.tsx","@/lib/db"
"src/app/(dashboard)/restaurateur/profil/page.tsx","@/lib/db/schema"
"src/app/(public)/restaurant/[slug]/page.tsx","@/lib/db/queries"
"src/app/(public)/restaurant/[slug]/page.tsx","@/lib/db/types"
"src/app/api/admin/restaurants/[id]/route.ts","@/lib/db/mutations-admin"
"src/app/api/admin/restaurants/route.ts","@/lib/db/queries-admin"
"src/app/api/auth/login/route.ts","@/lib/db"
"src/app/api/auth/login/route.ts","@/lib/db/schema"
"src/app/api/auth/register/route.ts","@/lib/db"
"src/app/api/auth/register/route.ts","@/lib/db/schema"
"src/app/api/commandes/[id]/statut/route.ts","@/lib/db"
"src/app/api/commandes/[id]/statut/route.ts","@/lib/db/mutations"
"src/app/api/commandes/[id]/statut/route.ts","@/lib/db/queries"
"src/app/api/commandes/[id]/statut/route.ts","@/lib/db/schema"
"src/app/api/commandes/stream/route.ts","@/lib/db"
"src/app/api/commandes/stream/route.ts","@/lib/db/schema"
"src/app/api/cron/subscriptions/route.ts","@/lib/db/transaction"
"src/app/api/cron/subscriptions/route.ts","@/lib/db/schema"
"src/app/api/health/route.ts","@/lib/db"
"src/app/api/notifications/count/route.ts","@/lib/db"
"src/app/api/notifications/count/route.ts","@/lib/db/schema"
"src/app/api/notifications/route.ts","@/lib/db"
"src/app/api/notifications/route.ts","@/lib/db/schema"
"src/app/api/push/web/subscribe/route.ts","@/lib/db"
"src/app/api/push/web/subscribe/route.ts","@/lib/db/schema"
"src/app/api/restaurants/[id]/route.ts","@/lib/db"
"src/app/api/restaurants/[id]/route.ts","@/lib/db/queries"
"src/app/api/restaurants/[id]/route.ts","@/lib/db/schema"
"src/app/api/restaurateur/categories/route.ts","@/lib/db"
"src/app/api/restaurateur/categories/route.ts","@/lib/db/schema"
"src/app/api/restaurateur/categories/route.ts","@/lib/db/queries"
"src/app/api/restaurateur/plats/route.ts","@/lib/db"
"src/app/api/restaurateur/plats/route.ts","@/lib/db/mutations"
"src/app/api/restaurateur/plats/route.ts","@/lib/db/queries"
"src/app/api/restaurateur/plats/route.ts","@/lib/db/schema"
"src/app/api/v1/auth/login/route.ts","@/lib/db"
"src/app/api/v1/auth/login/route.ts","@/lib/db/schema"
"src/app/api/v1/auth/refresh/route.ts","@/lib/db"
"src/app/api/v1/auth/refresh/route.ts","@/lib/db/schema"
"src/app/api/v1/client/auth/login/route.ts","@/lib/db"
"src/app/api/v1/client/auth/login/route.ts","@/lib/db/schema"
"src/app/api/v1/client/auth/me/route.ts","@/lib/db"
"src/app/api/v1/client/auth/me/route.ts","@/lib/db/schema"
"src/app/api/v1/client/auth/refresh/route.ts","@/lib/db"
"src/app/api/v1/client/auth/refresh/route.ts","@/lib/db/schema"
"src/app/api/v1/client/auth/register/route.ts","@/lib/db"
"src/app/api/v1/client/auth/register/route.ts","@/lib/db/schema"
"src/app/api/v1/client/commandes/[id]/route.ts","@/lib/db"
"src/app/api/v1/client/commandes/[id]/route.ts","@/lib/db/schema"
"src/app/api/v1/client/commandes/[id]/route.ts","@/lib/db/commandes-mutations"
"src/app/api/v1/client/commandes/[id]/stream/route.ts","@/lib/db"
"src/app/api/v1/client/commandes/route.ts","@/lib/db"
"src/app/api/v1/client/commandes/route.ts","@/lib/db/schema"
"src/app/api/v1/client/restaurants/[slug]/route.ts","@/lib/db"
"src/app/api/v1/client/restaurants/[slug]/route.ts","@/lib/db/schema"
"src/app/api/v1/client/restaurants/[slug]/route.ts","@/lib/db/queries"
"src/app/api/v1/public/restaurants/[slug]/menu/route.ts","@/lib/db/queries"
"src/app/api/v1/public/restaurants/[slug]/route.ts","@/lib/db/queries"
"src/app/api/v1/push/expo/register/route.ts","@/lib/db"
"src/app/api/v1/push/expo/register/route.ts","@/lib/db/schema"
"src/app/api/v1/restaurateur/commandes/[id]/route.ts","@/lib/db/queries"
"src/app/api/v1/restaurateur/commandes/[id]/route.ts","@/lib/db/mutations"
"src/app/api/v1/restaurateur/commandes/[id]/statut/route.ts","@/lib/db/queries"
"src/app/api/v1/restaurateur/commandes/[id]/statut/route.ts","@/lib/db/mutations"
"src/app/api/v1/restaurateur/commandes/route.ts","@/lib/db/queries"
"src/app/api/v1/restaurateur/plats/route.ts","@/lib/db/queries"
"src/app/api/v1/restaurateur/plats/route.ts","@/lib/db/mutations"
"src/app/api/v1/restaurateur/stats/route.ts","@/lib/db/queries"
"src/app/onboarding/page.tsx","@/lib/db/queries"
"src/app/sitemap.ts","@/lib/db"
"src/app/sitemap.ts","@/lib/db/schema"
